{
  "algorithms": [
    "FedAvg",
    "FedProx"
  ],
  "total_rounds": 3,
  "num_clients": 3,
  "org_names": [
    "Org A (shard 1/3)",
    "Org B (shard 2/3)",
    "Org C (shard 3/3)"
  ],
  "round_losses": {
    "FedAvg": [
      [
        2.2077017267545065,
        2.120933775107066,
        1.939341413974762
      ],
      [
        1.919001547495524,
        1.8497175455093384,
        1.709845729668935
      ],
      [
        1.7662129660447439,
        1.7448361794153848,
        1.7069928566614787
      ]
    ],
    "FedProx": [
      [
        2.2233836511770884,
        2.0967423538366954,
        1.927066578467687
      ],
      [
        1.8821136315663656,
        1.7984924058119456,
        1.7520292262236277
      ],
      [
        1.775370818376541,
        1.7363606631755828,
        1.687546036640803
      ]
    ]
  },
  "val_losses": {
    "FedAvg": [
      1.6493900934855144,
      1.7463991324106851,
      1.6643826166788738
    ],
    "FedProx": [
      1.6427743991216024,
      1.7347339153289796,
      1.6551151990890502
    ]
  }
}