{
  "algorithms": [
    "SCAFFOLD"
  ],
  "total_rounds": 3,
  "num_clients": 3,
  "org_names": [
    "Org A (shard 1/3)",
    "Org B (shard 2/3)",
    "Org C (shard 3/3)"
  ],
  "round_losses": {
    "SCAFFOLD": [
      [
        2.2077017267545065,
        2.120933775107066,
        1.939341413974762
      ],
      [
        2.0254449327786763,
        2.2101837833722433,
        2.161253050963084
      ],
      [
        2.1277979214986167,
        2.0502670109272003,
        2.014358780781428
      ]
    ]
  },
  "val_losses": {
    "SCAFFOLD": [
      1.9189288775126139,
      2.114056118329366,
      2.007869497934977
    ]
  }
}